{
    "metrics": {
        "http_req_connecting": {
            "med": 0,
            "max": 1.9987,
            "p(90)": 0,
            "p(95)": 0,
            "avg": 0.007120772898200377,
            "min": 0
        },
        "data_sent": {
            "count": 2978400,
            "rate": 16545.254860069457
        },
        "http_req_waiting": {
            "avg": 0.6282406157668464,
            "min": 0,
            "med": 0.6083,
            "max": 3.3613,
            "p(90)": 1.00767,
            "p(95)": 1.0725249999999993
        },
        "vus_max": {
            "value": 20,
            "min": 20,
            "max": 20
        },
        "iteration_duration": {
            "min": 100.0002,
            "med": 101.2207,
            "max": 111.5449,
            "p(90)": 101.8008,
            "p(95)": 102.0341,
            "avg": 101.25712610462067
        },
        "http_req_sending": {
            "p(95)": 0,
            "avg": 0.006987778673113091,
            "min": 0,
            "med": 0,
            "max": 1.0062,
            "p(90)": 0
        },
        "http_req_duration": {
            "p(90)": 1.0419,
            "p(95)": 1.138,
            "avg": 0.6974535623153303,
            "min": 0,
            "med": 0.73725,
            "max": 3.3613,
            "thresholds": {
                "p(95)<500": false
            }
        },
        "http_req_blocked": {
            "p(95)": 0,
            "avg": 0.010295527800161158,
            "min": 0,
            "med": 0,
            "max": 10.1241,
            "p(90)": 0
        },
        "vus": {
            "value": 1,
            "min": 1,
            "max": 20
        },
        "data_received": {
            "rate": 177726.4346033353,
            "count": 31993488
        },
        "iterations": {
            "count": 29784,
            "rate": 165.45254860069457
        },
        "http_reqs": {
            "count": 29784,
            "rate": 165.45254860069457
        },
        "http_req_tls_handshaking": {
            "avg": 0,
            "min": 0,
            "med": 0,
            "max": 0,
            "p(90)": 0,
            "p(95)": 0
        },
        "http_req_duration{expected_response:true}": {
            "max": 3.3613,
            "p(90)": 1.0419,
            "p(95)": 1.138,
            "avg": 0.6974535623153303,
            "min": 0,
            "med": 0.73725
        },
        "checks": {
            "passes": 89352,
            "fails": 0,
            "value": 1
        },
        "http_req_receiving": {
            "med": 0,
            "max": 1.4736,
            "p(90)": 0.3485400000000002,
            "p(95)": 0.5281,
            "avg": 0.06222516787536929,
            "min": 0
        },
        "http_req_failed": {
            "passes": 0,
            "fails": 29784,
            "thresholds": {
                "rate==0": false
            },
            "value": 0
        }
    },
    "root_group": {
        "name": "",
        "path": "",
        "id": "d41d8cd98f00b204e9800998ecf8427e",
        "groups": {},
        "checks": {
                "status is 200": {
                    "name": "status is 200",
                    "path": "::status is 200",
                    "id": "6210a8cd14cd70477eba5c5e4cb3fb5f",
                    "passes": 29784,
                    "fails": 0
                },
                "response is JSON": {
                    "id": "23a1facfa2bd64a1546c60eda62ef64e",
                    "passes": 29784,
                    "fails": 0,
                    "name": "response is JSON",
                    "path": "::response is JSON"
                },
                "body has vetList": {
                    "name": "body has vetList",
                    "path": "::body has vetList",
                    "id": "821be76da027c26396a78048fca01313",
                    "passes": 29784,
                    "fails": 0
                }
            }
    }
}