{
    "metrics": {
        "http_req_duration{expected_response:true}": {
            "max": 5.103,
            "p(90)": 1.08466,
            "p(95)": 1.2145499999999978,
            "avg": 0.7671586607562516,
            "min": 0,
            "med": 0.7833
        },
        "http_req_blocked": {
            "avg": 0.009351799986567263,
            "min": 0,
            "med": 0,
            "max": 9.9734,
            "p(90)": 0,
            "p(95)": 0
        },
        "data_received": {
            "count": 31987044,
            "rate": 177653.6249069011
        },
        "http_reqs": {
            "count": 29778,
            "rate": 165.38476148273347
        },
        "vus_max": {
            "value": 20,
            "min": 20,
            "max": 20
        },
        "http_req_sending": {
            "p(90)": 0,
            "p(95)": 0,
            "avg": 0.005626660621935655,
            "min": 0,
            "med": 0,
            "max": 3.5578
        },
        "checks": {
            "fails": 0,
            "passes": 89334,
            "value": 1
        },
        "http_req_failed": {
            "passes": 0,
            "fails": 29778,
            "thresholds": {
                "rate==0": false
            },
            "value": 0
        },
        "http_req_tls_handshaking": {
            "p(95)": 0,
            "avg": 0,
            "min": 0,
            "med": 0,
            "max": 0,
            "p(90)": 0
        },
        "iterations": {
            "count": 29778,
            "rate": 165.38476148273347
        },
        "vus": {
            "value": 1,
            "min": 1,
            "max": 20
        },
        "http_req_waiting": {
            "avg": 0.6676141211632609,
            "min": 0,
            "med": 0.71275,
            "max": 5.103,
            "p(90)": 1.0171599999999998,
            "p(95)": 1.0762449999999995
        },
        "data_sent": {
            "count": 2977800,
            "rate": 16538.47614827335
        },
        "http_req_connecting": {
            "avg": 0.006901810061118945,
            "min": 0,
            "med": 0,
            "max": 1.5928,
            "p(90)": 0,
            "p(95)": 0
        },
        "http_req_receiving": {
            "avg": 0.09391787897105229,
            "min": 0,
            "med": 0,
            "max": 2.3834,
            "p(90)": 0.5037,
            "p(95)": 0.5492299999999996
        },
        "iteration_duration": {
            "p(95)": 101.9564,
            "avg": 101.27338536839375,
            "min": 100.0031,
            "med": 101.24055,
            "max": 111.6364,
            "p(90)": 101.74302999999999
        },
        "http_req_duration": {
            "max": 5.103,
            "p(90)": 1.08466,
            "p(95)": 1.2145499999999978,
            "avg": 0.7671586607562516,
            "min": 0,
            "med": 0.7833,
            "thresholds": {
                "p(95)<500": false
            }
        }
    },
    "root_group": {
        "id": "d41d8cd98f00b204e9800998ecf8427e",
        "groups": {},
        "checks": {
                "status is 200": {
                    "name": "status is 200",
                    "path": "::status is 200",
                    "id": "6210a8cd14cd70477eba5c5e4cb3fb5f",
                    "passes": 29778,
                    "fails": 0
                },
                "response is JSON": {
                    "id": "23a1facfa2bd64a1546c60eda62ef64e",
                    "passes": 29778,
                    "fails": 0,
                    "name": "response is JSON",
                    "path": "::response is JSON"
                },
                "body has vetList": {
                    "name": "body has vetList",
                    "path": "::body has vetList",
                    "id": "821be76da027c26396a78048fca01313",
                    "passes": 29778,
                    "fails": 0
                }
            },
        "name": "",
        "path": ""
    }
}