{
    "metrics": {
        "http_req_blocked": {
            "avg": 0.006883122901276028,
            "min": 0,
            "med": 0,
            "max": 10.4298,
            "p(90)": 0,
            "p(95)": 0
        },
        "http_req_connecting": {
            "avg": 0.005432810611148426,
            "min": 0,
            "med": 0,
            "max": 1.3527,
            "p(90)": 0,
            "p(95)": 0
        },
        "vus_max": {
            "max": 20,
            "value": 20,
            "min": 20
        },
        "http_req_waiting": {
            "avg": 0.706306155137661,
            "min": 0,
            "med": 0.7342,
            "max": 15.9862,
            "p(90)": 1.0267,
            "p(95)": 1.0909
        },
        "http_req_duration": {
            "avg": 0.7969604801880364,
            "min": 0,
            "med": 0.7855,
            "max": 15.9862,
            "p(90)": 1.0979100000000004,
            "p(95)": 1.1861199999999996,
            "thresholds": {
                "p(95)<500": false
            }
        },
        "checks": {
            "passes": 89340,
            "fails": 0,
            "value": 1
        },
        "iterations": {
            "rate": 165.38414740566216,
            "count": 29780
        },
        "data_received": {
            "count": 24127272,
            "rate": 133991.54831915733
        },
        "vus": {
            "value": 1,
            "min": 1,
            "max": 20
        },
        "http_req_failed": {
            "passes": 0,
            "fails": 29780,
            "thresholds": {
                "rate==0": false
            },
            "value": 0
        },
        "data_sent": {
            "count": 18433820,
            "rate": 102372.78724410487
        },
        "http_reqs": {
            "count": 29780,
            "rate": 165.38414740566216
        },
        "http_req_tls_handshaking": {
            "p(90)": 0,
            "p(95)": 0,
            "avg": 0,
            "min": 0,
            "med": 0,
            "max": 0
        },
        "iteration_duration": {
            "avg": 101.27444850570815,
            "min": 100.0132,
            "med": 101.2575,
            "max": 116.2112,
            "p(90)": 101.6909,
            "p(95)": 101.8505
        },
        "http_req_receiving": {
            "min": 0,
            "med": 0,
            "max": 1.4125,
            "p(90)": 0.4788,
            "p(95)": 0.5345,
            "avg": 0.08748071188717309
        },
        "http_req_sending": {
            "max": 0.9389,
            "p(90)": 0,
            "p(95)": 0,
            "avg": 0.0031736131631967786,
            "min": 0,
            "med": 0
        },
        "http_req_duration{expected_response:true}": {
            "avg": 0.7969604801880364,
            "min": 0,
            "med": 0.7855,
            "max": 15.9862,
            "p(90)": 1.0979100000000004,
            "p(95)": 1.1861199999999996
        }
    },
    "root_group": {
        "id": "d41d8cd98f00b204e9800998ecf8427e",
        "groups": {},
        "checks": {
                "status is 200": {
                    "name": "status is 200",
                    "path": "::status is 200",
                    "id": "6210a8cd14cd70477eba5c5e4cb3fb5f",
                    "passes": 29780,
                    "fails": 0
                },
                "response is JSON": {
                    "name": "response is JSON",
                    "path": "::response is JSON",
                    "id": "23a1facfa2bd64a1546c60eda62ef64e",
                    "passes": 29780,
                    "fails": 0
                },
                "body is array": {
                    "id": "82035f807137be2b77885653ba91afec",
                    "passes": 29780,
                    "fails": 0,
                    "name": "body is array",
                    "path": "::body is array"
                }
            },
        "name": "",
        "path": ""
    }
}