{
    "metrics": {
        "iteration_duration": {
            "p(90)": 101.7975,
            "p(95)": 101.98517000000001,
            "avg": 101.33572477656017,
            "min": 100.016,
            "med": 101.30420000000001,
            "max": 114.1497
        },
        "http_req_failed": {
            "passes": 0,
            "fails": 29762,
            "thresholds": {
                "rate==0": false
            },
            "value": 0
        },
        "checks": {
            "passes": 89286,
            "fails": 0,
            "value": 1
        },
        "iterations": {
            "count": 29762,
            "rate": 165.2615303475581
        },
        "vus": {
            "value": 1,
            "min": 1,
            "max": 20
        },
        "vus_max": {
            "value": 20,
            "min": 20,
            "max": 20
        },
        "http_req_duration": {
            "min": 0,
            "med": 0.8117,
            "max": 14.126,
            "p(90)": 1.1765700000000006,
            "p(95)": 1.2979849999999993,
            "avg": 0.8470345877293084,
            "thresholds": {
                "p(95)<500": false
            }
        },
        "http_reqs": {
            "count": 29762,
            "rate": 165.2615303475581
        },
        "http_req_blocked": {
            "avg": 0.00755841005308783,
            "min": 0,
            "med": 0,
            "max": 8.9583,
            "p(90)": 0,
            "p(95)": 0
        },
        "http_req_connecting": {
            "avg": 0.005964199314562194,
            "min": 0,
            "med": 0,
            "max": 1.6797,
            "p(90)": 0,
            "p(95)": 0
        },
        "http_req_sending": {
            "med": 0,
            "max": 1.1006,
            "p(90)": 0,
            "p(95)": 0,
            "avg": 0.0036882601975673657,
            "min": 0
        },
        "data_sent": {
            "count": 18422678,
            "rate": 102296.88728513847
        },
        "http_req_receiving": {
            "avg": 0.10334219810496607,
            "min": 0,
            "med": 0,
            "max": 1.4631,
            "p(90)": 0.5118,
            "p(95)": 0.586
        },
        "data_received": {
            "count": 24112692,
            "rate": 133892.2243370513
        },
        "http_req_waiting": {
            "avg": 0.7400041294267766,
            "min": 0,
            "med": 0.756,
            "max": 13.7728,
            "p(90)": 1.0541,
            "p(95)": 1.1489
        },
        "http_req_duration{expected_response:true}": {
            "avg": 0.8470345877293084,
            "min": 0,
            "med": 0.8117,
            "max": 14.126,
            "p(90)": 1.1765700000000006,
            "p(95)": 1.2979849999999993
        },
        "http_req_tls_handshaking": {
            "avg": 0,
            "min": 0,
            "med": 0,
            "max": 0,
            "p(90)": 0,
            "p(95)": 0
        }
    },
    "root_group": {
        "groups": {},
        "checks": {
                "status is 200": {
                    "path": "::status is 200",
                    "id": "6210a8cd14cd70477eba5c5e4cb3fb5f",
                    "passes": 29762,
                    "fails": 0,
                    "name": "status is 200"
                },
                "response is JSON": {
                    "id": "23a1facfa2bd64a1546c60eda62ef64e",
                    "passes": 29762,
                    "fails": 0,
                    "name": "response is JSON",
                    "path": "::response is JSON"
                },
                "body is array": {
                    "id": "82035f807137be2b77885653ba91afec",
                    "passes": 29762,
                    "fails": 0,
                    "name": "body is array",
                    "path": "::body is array"
                }
            },
        "name": "",
        "path": "",
        "id": "d41d8cd98f00b204e9800998ecf8427e"
    }
}