{
    "root_group": {
        "name": "",
        "path": "",
        "id": "d41d8cd98f00b204e9800998ecf8427e",
        "groups": {},
        "checks": {
                "status is 200": {
                    "name": "status is 200",
                    "path": "::status is 200",
                    "id": "6210a8cd14cd70477eba5c5e4cb3fb5f",
                    "passes": 29772,
                    "fails": 0
                },
                "response is JSON": {
                    "path": "::response is JSON",
                    "id": "23a1facfa2bd64a1546c60eda62ef64e",
                    "passes": 29772,
                    "fails": 0,
                    "name": "response is JSON"
                },
                "body is array": {
                    "name": "body is array",
                    "path": "::body is array",
                    "id": "82035f807137be2b77885653ba91afec",
                    "passes": 29772,
                    "fails": 0
                }
            }
    },
    "metrics": {
        "http_req_receiving": {
            "avg": 0.058579168346096756,
            "min": 0,
            "med": 0,
            "max": 1.6801,
            "p(90)": 0.3554800000000003,
            "p(95)": 0.5141
        },
        "vus_max": {
            "value": 20,
            "min": 20,
            "max": 20
        },
        "checks": {
            "passes": 89316,
            "fails": 0,
            "value": 1
        },
        "http_req_failed": {
            "passes": 0,
            "fails": 29772,
            "thresholds": {
                "rate==0": false
            },
            "value": 0
        },
        "http_req_duration{expected_response:true}": {
            "avg": 0.7976405112185727,
            "min": 0,
            "med": 0.7717,
            "max": 12.6544,
            "p(90)": 1.1782700000000004,
            "p(95)": 1.3034
        },
        "http_req_waiting": {
            "avg": 0.7342390198844381,
            "min": 0,
            "med": 0.73,
            "max": 12.4472,
            "p(90)": 1.0984,
            "p(95)": 1.2253
        },
        "http_req_connecting": {
            "avg": 0.006397370012091901,
            "min": 0,
            "med": 0,
            "max": 1.7217,
            "p(90)": 0,
            "p(95)": 0
        },
        "data_received": {
            "count": 24120792,
            "rate": 133994.92745192867
        },
        "vus": {
            "value": 1,
            "min": 1,
            "max": 20
        },
        "http_reqs": {
            "count": 29772,
            "rate": 165.38830814920257
        },
        "data_sent": {
            "count": 18428868,
            "rate": 102375.36274435639
        },
        "http_req_sending": {
            "med": 0,
            "max": 1.0052,
            "p(90)": 0,
            "p(95)": 0,
            "avg": 0.004822322988042458,
            "min": 0
        },
        "iteration_duration": {
            "p(95)": 101.9719,
            "avg": 101.30282090219136,
            "min": 100.0034,
            "med": 101.25485,
            "max": 113.0427,
            "p(90)": 101.8031
        },
        "iterations": {
            "count": 29772,
            "rate": 165.38830814920257
        },
        "http_req_blocked": {
            "min": 0,
            "med": 0,
            "max": 10.0494,
            "p(90)": 0,
            "p(95)": 0,
            "avg": 0.008136010345290877
        },
        "http_req_duration": {
            "avg": 0.7976405112185727,
            "min": 0,
            "med": 0.7717,
            "max": 12.6544,
            "p(90)": 1.1782700000000004,
            "p(95)": 1.3034,
            "thresholds": {
                "p(95)<500": false
            }
        },
        "http_req_tls_handshaking": {
            "avg": 0,
            "min": 0,
            "med": 0,
            "max": 0,
            "p(90)": 0,
            "p(95)": 0
        }
    }
}