{
    "metrics": {
        "iteration_duration": {
            "avg": 101.32135479742016,
            "min": 100.0039,
            "med": 101.2788,
            "max": 113.3588,
            "p(90)": 101.8388,
            "p(95)": 102.0389
        },
        "vus": {
            "value": 1,
            "min": 1,
            "max": 20
        },
        "http_req_tls_handshaking": {
            "avg": 0,
            "min": 0,
            "med": 0,
            "max": 0,
            "p(90)": 0,
            "p(95)": 0
        },
        "http_req_receiving": {
            "min": 0,
            "med": 0,
            "max": 1.7115,
            "p(90)": 0.3889,
            "p(95)": 0.5192,
            "avg": 0.06508895383995172
        },
        "data_sent": {
            "count": 18425154,
            "rate": 102315.7923453707
        },
        "data_received": {
            "count": 24115932,
            "rate": 133916.9643155808
        },
        "vus_max": {
            "value": 20,
            "min": 20,
            "max": 20
        },
        "http_req_sending": {
            "med": 0,
            "max": 1.2934,
            "p(90)": 0,
            "p(95)": 0,
            "avg": 0.004163824497749104,
            "min": 0
        },
        "http_req_connecting": {
            "p(95)": 0,
            "avg": 0.0065514882752133324,
            "min": 0,
            "med": 0,
            "max": 1.8436,
            "p(90)": 0
        },
        "http_req_waiting": {
            "min": 0,
            "med": 0.72555,
            "max": 12.3486,
            "p(90)": 1.1283,
            "p(95)": 1.2688,
            "avg": 0.7467099240744551
        },
        "http_req_failed": {
            "passes": 0,
            "fails": 29766,
            "thresholds": {
                "rate==0": false
            },
            "value": 0
        },
        "http_req_duration{expected_response:true}": {
            "p(95)": 1.3426,
            "avg": 0.8159627024121548,
            "min": 0,
            "med": 0.7749,
            "max": 12.9273,
            "p(90)": 1.2034
        },
        "http_req_blocked": {
            "max": 10.1859,
            "p(90)": 0,
            "p(95)": 0,
            "avg": 0.008653131089162136,
            "min": 0,
            "med": 0
        },
        "checks": {
            "passes": 89298,
            "fails": 0,
            "value": 1
        },
        "iterations": {
            "count": 29766,
            "rate": 165.2920716403404
        },
        "http_req_duration": {
            "p(90)": 1.2034,
            "p(95)": 1.3426,
            "avg": 0.8159627024121548,
            "min": 0,
            "med": 0.7749,
            "max": 12.9273,
            "thresholds": {
                "p(95)<500": false
            }
        },
        "http_reqs": {
            "count": 29766,
            "rate": 165.2920716403404
        }
    },
    "root_group": {
        "name": "",
        "path": "",
        "id": "d41d8cd98f00b204e9800998ecf8427e",
        "groups": {},
        "checks": {
                "status is 200": {
                    "passes": 29766,
                    "fails": 0,
                    "name": "status is 200",
                    "path": "::status is 200",
                    "id": "6210a8cd14cd70477eba5c5e4cb3fb5f"
                },
                "response is JSON": {
                    "path": "::response is JSON",
                    "id": "23a1facfa2bd64a1546c60eda62ef64e",
                    "passes": 29766,
                    "fails": 0,
                    "name": "response is JSON"
                },
                "body is array": {
                    "name": "body is array",
                    "path": "::body is array",
                    "id": "82035f807137be2b77885653ba91afec",
                    "passes": 29766,
                    "fails": 0
                }
            }
    }
}